[{
    "id": 1,
    "pic": "images/9.jpg",
    "width": 300,
    "height": 433,
    "title": "泰勒·斯威夫特（Taylor Swift），1989年12月13日出生于美国宾州，美国歌手、演员。2006年出道，同年发行专辑《泰勒·斯威夫特》，该专辑获得美国唱片业协会的白金唱片认证",
    "link": "https://baike.sogou.com/v1850208.htm?fromTitle=%E9%9C%89%E9%9C%89"
}, {
    "id": 2,
    "pic": "images/5.jpg",
    "width": 300,
    "height": 200,
    "title": "泰勒·斯威夫特（Taylor Swift），1989年12月13日出生于美国宾州，美国歌手、演员。2006年出道，同年发行专辑《泰勒·斯威夫特》，该专辑获得美国唱片业协会的白金唱片认证",
    "link": "https://baike.sogou.com/v1850208.htm?fromTitle=%E9%9C%89%E9%9C%89"
}, {
    "id": 3,
    "pic": "images/3.jpg",
    "width": 300,
    "height": 170,
    "title": "泰勒·斯威夫特（Taylor Swift），1989年12月13日出生于美国宾州，美国歌手、演员。2006年出道，同年发行专辑《泰勒·斯威夫特》，该专辑获得美国唱片业协会的白金唱片认证",
    "link": "https://baike.sogou.com/v1850208.htm?fromTitle=%E9%9C%89%E9%9C%89"
}, {
    "id": 4,
    "pic": "images/2.jpg",
    "width": 300,
    "height": 300,
    "title": "泰勒·斯威夫特（Taylor Swift），1989年12月13日出生于美国宾州，美国歌手、演员。2006年出道，同年发行专辑《泰勒·斯威夫特》，该专辑获得美国唱片业协会的白金唱片认证",
    "link": "https://baike.sogou.com/v1850208.htm?fromTitle=%E9%9C%89%E9%9C%89"
}, {
    "id": 5,
    "pic": "images/3.jpg",
    "width": 300,
    "height": 170,
    "title": "泰勒·斯威夫特（Taylor Swift），1989年12月13日出生于美国宾州，美国歌手、演员。2006年出道，同年发行专辑《泰勒·斯威夫特》，该专辑获得美国唱片业协会的白金唱片认证",
    "link": "https://baike.sogou.com/v1850208.htm?fromTitle=%E9%9C%89%E9%9C%89"
}, {
    "id": 6,
    "pic": "images/10.jpg",
    "width": 300,
    "height": 257,
    "title": "泰勒·斯威夫特（Taylor Swift），1989年12月13日出生于美国宾州，美国歌手、演员。2006年出道，同年发行专辑《泰勒·斯威夫特》，该专辑获得美国唱片业协会的白金唱片认证",
    "link": "https://baike.sogou.com/v1850208.htm?fromTitle=%E9%9C%89%E9%9C%89"
}, {
    "id": 7,
    "pic": "images/6.jpg",
    "width": 300,
    "height": 400,
    "title": "泰勒·斯威夫特（Taylor Swift），1989年12月13日出生于美国宾州，美国歌手、演员。2006年出道，同年发行专辑《泰勒·斯威夫特》，该专辑获得美国唱片业协会的白金唱片认证",
    "link": "https://baike.sogou.com/v1850208.htm?fromTitle=%E9%9C%89%E9%9C%89"
}, {
    "id": 8,
    "pic": "images/5.jpg",
    "width": 300,
    "height": 200,
    "title": "泰勒·斯威夫特（Taylor Swift），1989年12月13日出生于美国宾州，美国歌手、演员。2006年出道，同年发行专辑《泰勒·斯威夫特》，该专辑获得美国唱片业协会的白金唱片认证",
    "link": "https://baike.sogou.com/v1850208.htm?fromTitle=%E9%9C%89%E9%9C%89"
}, {
    "id": 9,
    "pic": "images/10.jpg",
    "width": 300,
    "height": 257,
    "title": "泰勒·斯威夫特（Taylor Swift），1989年12月13日出生于美国宾州，美国歌手、演员。2006年出道，同年发行专辑《泰勒·斯威夫特》，该专辑获得美国唱片业协会的白金唱片认证",
    "link": "https://baike.sogou.com/v1850208.htm?fromTitle=%E9%9C%89%E9%9C%89"
}, {
    "id": 10,
    "pic": "images/11.jpg",
    "width": 300,
    "height": 408,
    "title": "泰勒·斯威夫特（Taylor Swift），1989年12月13日出生于美国宾州，美国歌手、演员。2006年出道，同年发行专辑《泰勒·斯威夫特》，该专辑获得美国唱片业协会的白金唱片认证",
    "link": "https://baike.sogou.com/v1850208.htm?fromTitle=%E9%9C%89%E9%9C%89"
}, {
    "id": 11,
    "pic": "images/9.jpg",
    "width": 300,
    "height": 433,
    "title": "泰勒·斯威夫特（Taylor Swift），1989年12月13日出生于美国宾州，美国歌手、演员。2006年出道，同年发行专辑《泰勒·斯威夫特》，该专辑获得美国唱片业协会的白金唱片认证",
    "link": "https://baike.sogou.com/v1850208.htm?fromTitle=%E9%9C%89%E9%9C%89"
}, {
    "id": 12,
    "pic": "images/11.jpg",
    "width": 300,
    "height": 408,
    "title": "泰勒·斯威夫特（Taylor Swift），1989年12月13日出生于美国宾州，美国歌手、演员。2006年出道，同年发行专辑《泰勒·斯威夫特》，该专辑获得美国唱片业协会的白金唱片认证",
    "link": "https://baike.sogou.com/v1850208.htm?fromTitle=%E9%9C%89%E9%9C%89"
}, {
    "id": 13,
    "pic": "images/8.jpg",
    "width": 300,
    "height": 400,
    "title": "泰勒·斯威夫特（Taylor Swift），1989年12月13日出生于美国宾州，美国歌手、演员。2006年出道，同年发行专辑《泰勒·斯威夫特》，该专辑获得美国唱片业协会的白金唱片认证",
    "link": "https://baike.sogou.com/v1850208.htm?fromTitle=%E9%9C%89%E9%9C%89"
}, {
    "id": 14,
    "pic": "images/3.jpg",
    "width": 300,
    "height": 170,
    "title": "泰勒·斯威夫特（Taylor Swift），1989年12月13日出生于美国宾州，美国歌手、演员。2006年出道，同年发行专辑《泰勒·斯威夫特》，该专辑获得美国唱片业协会的白金唱片认证",
    "link": "https://baike.sogou.com/v1850208.htm?fromTitle=%E9%9C%89%E9%9C%89"
}, {
    "id": 15,
    "pic": "images/4.jpg",
    "width": 300,
    "height": 451,
    "title": "泰勒·斯威夫特（Taylor Swift），1989年12月13日出生于美国宾州，美国歌手、演员。2006年出道，同年发行专辑《泰勒·斯威夫特》，该专辑获得美国唱片业协会的白金唱片认证",
    "link": "https://baike.sogou.com/v1850208.htm?fromTitle=%E9%9C%89%E9%9C%89"
}, {
    "id": 16,
    "pic": "images/3.jpg",
    "width": 300,
    "height": 170,
    "title": "泰勒·斯威夫特（Taylor Swift），1989年12月13日出生于美国宾州，美国歌手、演员。2006年出道，同年发行专辑《泰勒·斯威夫特》，该专辑获得美国唱片业协会的白金唱片认证",
    "link": "https://baike.sogou.com/v1850208.htm?fromTitle=%E9%9C%89%E9%9C%89"
}, {
    "id": 17,
    "pic": "images/4.jpg",
    "width": 300,
    "height": 451,
    "title": "泰勒·斯威夫特（Taylor Swift），1989年12月13日出生于美国宾州，美国歌手、演员。2006年出道，同年发行专辑《泰勒·斯威夫特》，该专辑获得美国唱片业协会的白金唱片认证",
    "link": "https://baike.sogou.com/v1850208.htm?fromTitle=%E9%9C%89%E9%9C%89"
}, {
    "id": 18,
    "pic": "images/13.jpg",
    "width": 300,
    "height": 188,
    "title": "泰勒·斯威夫特（Taylor Swift），1989年12月13日出生于美国宾州，美国歌手、演员。2006年出道，同年发行专辑《泰勒·斯威夫特》，该专辑获得美国唱片业协会的白金唱片认证",
    "link": "https://baike.sogou.com/v1850208.htm?fromTitle=%E9%9C%89%E9%9C%89"
}, {
    "id": 19,
    "pic": "images/2.jpg",
    "width": 300,
    "height": 300,
    "title": "泰勒·斯威夫特（Taylor Swift），1989年12月13日出生于美国宾州，美国歌手、演员。2006年出道，同年发行专辑《泰勒·斯威夫特》，该专辑获得美国唱片业协会的白金唱片认证",
    "link": "https://baike.sogou.com/v1850208.htm?fromTitle=%E9%9C%89%E9%9C%89"
}, {
    "id": 20,
    "pic": "images/6.jpg",
    "width": 300,
    "height": 400,
    "title": "泰勒·斯威夫特（Taylor Swift），1989年12月13日出生于美国宾州，美国歌手、演员。2006年出道，同年发行专辑《泰勒·斯威夫特》，该专辑获得美国唱片业协会的白金唱片认证",
    "link": "https://baike.sogou.com/v1850208.htm?fromTitle=%E9%9C%89%E9%9C%89"
}, {
    "id": 21,
    "pic": "images/1.jpg",
    "width": 300,
    "height": 534,
    "title": "泰勒·斯威夫特（Taylor Swift），1989年12月13日出生于美国宾州，美国歌手、演员。2006年出道，同年发行专辑《泰勒·斯威夫特》，该专辑获得美国唱片业协会的白金唱片认证",
    "link": "https://baike.sogou.com/v1850208.htm?fromTitle=%E9%9C%89%E9%9C%89"
}, {
    "id": 22,
    "pic": "images/7.jpg",
    "width": 300,
    "height": 200,
    "title": "泰勒·斯威夫特（Taylor Swift），1989年12月13日出生于美国宾州，美国歌手、演员。2006年出道，同年发行专辑《泰勒·斯威夫特》，该专辑获得美国唱片业协会的白金唱片认证",
    "link": "https://baike.sogou.com/v1850208.htm?fromTitle=%E9%9C%89%E9%9C%89"
}, {
    "id": 23,
    "pic": "images/10.jpg",
    "width": 300,
    "height": 257,
    "title": "泰勒·斯威夫特（Taylor Swift），1989年12月13日出生于美国宾州，美国歌手、演员。2006年出道，同年发行专辑《泰勒·斯威夫特》，该专辑获得美国唱片业协会的白金唱片认证",
    "link": "https://baike.sogou.com/v1850208.htm?fromTitle=%E9%9C%89%E9%9C%89"
}, {
    "id": 24,
    "pic": "images/13.jpg",
    "width": 300,
    "height": 188,
    "title": "泰勒·斯威夫特（Taylor Swift），1989年12月13日出生于美国宾州，美国歌手、演员。2006年出道，同年发行专辑《泰勒·斯威夫特》，该专辑获得美国唱片业协会的白金唱片认证",
    "link": "https://baike.sogou.com/v1850208.htm?fromTitle=%E9%9C%89%E9%9C%89"
}, {
    "id": 25,
    "pic": "images/9.jpg",
    "width": 300,
    "height": 433,
    "title": "泰勒·斯威夫特（Taylor Swift），1989年12月13日出生于美国宾州，美国歌手、演员。2006年出道，同年发行专辑《泰勒·斯威夫特》，该专辑获得美国唱片业协会的白金唱片认证",
    "link": "https://baike.sogou.com/v1850208.htm?fromTitle=%E9%9C%89%E9%9C%89"
}, {
    "id": 26,
    "pic": "images/6.jpg",
    "width": 300,
    "height": 400,
    "title": "泰勒·斯威夫特（Taylor Swift），1989年12月13日出生于美国宾州，美国歌手、演员。2006年出道，同年发行专辑《泰勒·斯威夫特》，该专辑获得美国唱片业协会的白金唱片认证",
    "link": "https://baike.sogou.com/v1850208.htm?fromTitle=%E9%9C%89%E9%9C%89"
}, {
    "id": 27,
    "pic": "images/7.jpg",
    "width": 300,
    "height": 200,
    "title": "泰勒·斯威夫特（Taylor Swift），1989年12月13日出生于美国宾州，美国歌手、演员。2006年出道，同年发行专辑《泰勒·斯威夫特》，该专辑获得美国唱片业协会的白金唱片认证",
    "link": "https://baike.sogou.com/v1850208.htm?fromTitle=%E9%9C%89%E9%9C%89"
}, {
    "id": 28,
    "pic": "images/8.jpg",
    "width": 300,
    "height": 400,
    "title": "泰勒·斯威夫特（Taylor Swift），1989年12月13日出生于美国宾州，美国歌手、演员。2006年出道，同年发行专辑《泰勒·斯威夫特》，该专辑获得美国唱片业协会的白金唱片认证",
    "link": "https://baike.sogou.com/v1850208.htm?fromTitle=%E9%9C%89%E9%9C%89"
}, {
    "id": 29,
    "pic": "images/12.jpg",
    "width": 300,
    "height": 225,
    "title": "泰勒·斯威夫特（Taylor Swift），1989年12月13日出生于美国宾州，美国歌手、演员。2006年出道，同年发行专辑《泰勒·斯威夫特》，该专辑获得美国唱片业协会的白金唱片认证",
    "link": "https://baike.sogou.com/v1850208.htm?fromTitle=%E9%9C%89%E9%9C%89"
}, {
    "id": 30,
    "pic": "images/10.jpg",
    "width": 300,
    "height": 257,
    "title": "泰勒·斯威夫特（Taylor Swift），1989年12月13日出生于美国宾州，美国歌手、演员。2006年出道，同年发行专辑《泰勒·斯威夫特》，该专辑获得美国唱片业协会的白金唱片认证",
    "link": "https://baike.sogou.com/v1850208.htm?fromTitle=%E9%9C%89%E9%9C%89"
}, {
    "id": 31,
    "pic": "images/6.jpg",
    "width": 300,
    "height": 400,
    "title": "泰勒·斯威夫特（Taylor Swift），1989年12月13日出生于美国宾州，美国歌手、演员。2006年出道，同年发行专辑《泰勒·斯威夫特》，该专辑获得美国唱片业协会的白金唱片认证",
    "link": "https://baike.sogou.com/v1850208.htm?fromTitle=%E9%9C%89%E9%9C%89"
}, {
    "id": 32,
    "pic": "images/4.jpg",
    "width": 300,
    "height": 451,
    "title": "泰勒·斯威夫特（Taylor Swift），1989年12月13日出生于美国宾州，美国歌手、演员。2006年出道，同年发行专辑《泰勒·斯威夫特》，该专辑获得美国唱片业协会的白金唱片认证",
    "link": "https://baike.sogou.com/v1850208.htm?fromTitle=%E9%9C%89%E9%9C%89"
}, {
    "id": 33,
    "pic": "images/9.jpg",
    "width": 300,
    "height": 433,
    "title": "泰勒·斯威夫特（Taylor Swift），1989年12月13日出生于美国宾州，美国歌手、演员。2006年出道，同年发行专辑《泰勒·斯威夫特》，该专辑获得美国唱片业协会的白金唱片认证",
    "link": "https://baike.sogou.com/v1850208.htm?fromTitle=%E9%9C%89%E9%9C%89"
}, {
    "id": 34,
    "pic": "images/9.jpg",
    "width": 300,
    "height": 433,
    "title": "泰勒·斯威夫特（Taylor Swift），1989年12月13日出生于美国宾州，美国歌手、演员。2006年出道，同年发行专辑《泰勒·斯威夫特》，该专辑获得美国唱片业协会的白金唱片认证",
    "link": "https://baike.sogou.com/v1850208.htm?fromTitle=%E9%9C%89%E9%9C%89"
}, {
    "id": 35,
    "pic": "images/2.jpg",
    "width": 300,
    "height": 300,
    "title": "泰勒·斯威夫特（Taylor Swift），1989年12月13日出生于美国宾州，美国歌手、演员。2006年出道，同年发行专辑《泰勒·斯威夫特》，该专辑获得美国唱片业协会的白金唱片认证",
    "link": "https://baike.sogou.com/v1850208.htm?fromTitle=%E9%9C%89%E9%9C%89"
}, {
    "id": 36,
    "pic": "images/6.jpg",
    "width": 300,
    "height": 400,
    "title": "泰勒·斯威夫特（Taylor Swift），1989年12月13日出生于美国宾州，美国歌手、演员。2006年出道，同年发行专辑《泰勒·斯威夫特》，该专辑获得美国唱片业协会的白金唱片认证",
    "link": "https://baike.sogou.com/v1850208.htm?fromTitle=%E9%9C%89%E9%9C%89"
}, {
    "id": 37,
    "pic": "images/10.jpg",
    "width": 300,
    "height": 257,
    "title": "泰勒·斯威夫特（Taylor Swift），1989年12月13日出生于美国宾州，美国歌手、演员。2006年出道，同年发行专辑《泰勒·斯威夫特》，该专辑获得美国唱片业协会的白金唱片认证",
    "link": "https://baike.sogou.com/v1850208.htm?fromTitle=%E9%9C%89%E9%9C%89"
}, {
    "id": 38,
    "pic": "images/1.jpg",
    "width": 300,
    "height": 534,
    "title": "泰勒·斯威夫特（Taylor Swift），1989年12月13日出生于美国宾州，美国歌手、演员。2006年出道，同年发行专辑《泰勒·斯威夫特》，该专辑获得美国唱片业协会的白金唱片认证",
    "link": "https://baike.sogou.com/v1850208.htm?fromTitle=%E9%9C%89%E9%9C%89"
}, {
    "id": 39,
    "pic": "images/9.jpg",
    "width": 300,
    "height": 433,
    "title": "泰勒·斯威夫特（Taylor Swift），1989年12月13日出生于美国宾州，美国歌手、演员。2006年出道，同年发行专辑《泰勒·斯威夫特》，该专辑获得美国唱片业协会的白金唱片认证",
    "link": "https://baike.sogou.com/v1850208.htm?fromTitle=%E9%9C%89%E9%9C%89"
}, {
    "id": 40,
    "pic": "images/11.jpg",
    "width": 300,
    "height": 408,
    "title": "泰勒·斯威夫特（Taylor Swift），1989年12月13日出生于美国宾州，美国歌手、演员。2006年出道，同年发行专辑《泰勒·斯威夫特》，该专辑获得美国唱片业协会的白金唱片认证",
    "link": "https://baike.sogou.com/v1850208.htm?fromTitle=%E9%9C%89%E9%9C%89"
}, {
    "id": 41,
    "pic": "images/5.jpg",
    "width": 300,
    "height": 200,
    "title": "泰勒·斯威夫特（Taylor Swift），1989年12月13日出生于美国宾州，美国歌手、演员。2006年出道，同年发行专辑《泰勒·斯威夫特》，该专辑获得美国唱片业协会的白金唱片认证",
    "link": "https://baike.sogou.com/v1850208.htm?fromTitle=%E9%9C%89%E9%9C%89"
}, {
    "id": 42,
    "pic": "images/8.jpg",
    "width": 300,
    "height": 400,
    "title": "泰勒·斯威夫特（Taylor Swift），1989年12月13日出生于美国宾州，美国歌手、演员。2006年出道，同年发行专辑《泰勒·斯威夫特》，该专辑获得美国唱片业协会的白金唱片认证",
    "link": "https://baike.sogou.com/v1850208.htm?fromTitle=%E9%9C%89%E9%9C%89"
}, {
    "id": 43,
    "pic": "images/13.jpg",
    "width": 300,
    "height": 188,
    "title": "泰勒·斯威夫特（Taylor Swift），1989年12月13日出生于美国宾州，美国歌手、演员。2006年出道，同年发行专辑《泰勒·斯威夫特》，该专辑获得美国唱片业协会的白金唱片认证",
    "link": "https://baike.sogou.com/v1850208.htm?fromTitle=%E9%9C%89%E9%9C%89"
}, {
    "id": 44,
    "pic": "images/1.jpg",
    "width": 300,
    "height": 534,
    "title": "泰勒·斯威夫特（Taylor Swift），1989年12月13日出生于美国宾州，美国歌手、演员。2006年出道，同年发行专辑《泰勒·斯威夫特》，该专辑获得美国唱片业协会的白金唱片认证",
    "link": "https://baike.sogou.com/v1850208.htm?fromTitle=%E9%9C%89%E9%9C%89"
}, {
    "id": 45,
    "pic": "images/1.jpg",
    "width": 300,
    "height": 534,
    "title": "泰勒·斯威夫特（Taylor Swift），1989年12月13日出生于美国宾州，美国歌手、演员。2006年出道，同年发行专辑《泰勒·斯威夫特》，该专辑获得美国唱片业协会的白金唱片认证",
    "link": "https://baike.sogou.com/v1850208.htm?fromTitle=%E9%9C%89%E9%9C%89"
}, {
    "id": 46,
    "pic": "images/8.jpg",
    "width": 300,
    "height": 400,
    "title": "泰勒·斯威夫特（Taylor Swift），1989年12月13日出生于美国宾州，美国歌手、演员。2006年出道，同年发行专辑《泰勒·斯威夫特》，该专辑获得美国唱片业协会的白金唱片认证",
    "link": "https://baike.sogou.com/v1850208.htm?fromTitle=%E9%9C%89%E9%9C%89"
}, {
    "id": 47,
    "pic": "images/1.jpg",
    "width": 300,
    "height": 534,
    "title": "泰勒·斯威夫特（Taylor Swift），1989年12月13日出生于美国宾州，美国歌手、演员。2006年出道，同年发行专辑《泰勒·斯威夫特》，该专辑获得美国唱片业协会的白金唱片认证",
    "link": "https://baike.sogou.com/v1850208.htm?fromTitle=%E9%9C%89%E9%9C%89"
}, {
    "id": 48,
    "pic": "images/5.jpg",
    "width": 300,
    "height": 200,
    "title": "泰勒·斯威夫特（Taylor Swift），1989年12月13日出生于美国宾州，美国歌手、演员。2006年出道，同年发行专辑《泰勒·斯威夫特》，该专辑获得美国唱片业协会的白金唱片认证",
    "link": "https://baike.sogou.com/v1850208.htm?fromTitle=%E9%9C%89%E9%9C%89"
}, {
    "id": 49,
    "pic": "images/5.jpg",
    "width": 300,
    "height": 200,
    "title": "泰勒·斯威夫特（Taylor Swift），1989年12月13日出生于美国宾州，美国歌手、演员。2006年出道，同年发行专辑《泰勒·斯威夫特》，该专辑获得美国唱片业协会的白金唱片认证",
    "link": "https://baike.sogou.com/v1850208.htm?fromTitle=%E9%9C%89%E9%9C%89"
}, {
    "id": 50,
    "pic": "images/10.jpg",
    "width": 300,
    "height": 257,
    "title": "泰勒·斯威夫特（Taylor Swift），1989年12月13日出生于美国宾州，美国歌手、演员。2006年出道，同年发行专辑《泰勒·斯威夫特》，该专辑获得美国唱片业协会的白金唱片认证",
    "link": "https://baike.sogou.com/v1850208.htm?fromTitle=%E9%9C%89%E9%9C%89"
}]